protocol,fold,train_rows,validation_rows,train_feature_min,train_feature_max,train_label_max,validation_feature_min,validation_feature_max,validation_label_min,validation_label_max,training_rows_after_validation_start,membership_sha256
ordered_rolling_origin,1,2000,401,2010-02-02,2018-01-10,2018-01-11,2018-01-12,2019-08-16,2018-01-16,2019-08-19,0,55f385cf2332d9056aaed6f496e7bebd2df52c6a9547ce2144b309432d4b0290
random_size_matched,1,2000,401,2010-02-02,2025-12-30,2025-12-31,2018-01-12,2019-08-16,2018-01-16,2019-08-19,887,9deaf0b6a9dab2e8a1f73d2662f5bcd4b6a52da9f44ede740c191e29dee350fd
ordered_rolling_origin,2,2000,401,2011-09-02,2019-08-15,2019-08-16,2019-08-19,2021-03-22,2019-08-20,2021-03-23,0,c5e33f0d0981b29f3b5f08c46d9131b4281ced0bc5bcc353ac381679c8dc40fa
random_size_matched,2,2000,401,2010-02-04,2025-12-30,2025-12-31,2019-08-19,2021-03-22,2019-08-20,2021-03-23,654,a4e3ee7ee25c6f0560ff58a79dea512e54abf31c8ec875c951953ad117b72134
ordered_rolling_origin,3,2000,400,2013-04-11,2021-03-19,2021-03-22,2021-03-23,2022-10-20,2021-03-24,2022-10-21,0,67c905fedb4e1efb7249e97d9dd9262cd45031cd649902a7214bd671c5d26f8a
random_size_matched,3,2000,400,2010-02-04,2025-12-30,2025-12-31,2021-03-23,2022-10-20,2021-03-24,2022-10-21,434,eb720aed7e55e090164d5f3466b62b2f545afd4db42a644e8d86d5277a1164cf
ordered_rolling_origin,4,2000,400,2014-11-10,2022-10-19,2022-10-20,2022-10-21,2024-05-24,2022-10-24,2024-05-28,0,5fab5a9de10bdffa371c11a1e6e31f5daac1af56edff47767bbf44b69c88ece3
random_size_matched,4,2000,400,2010-02-03,2025-12-30,2025-12-31,2022-10-21,2024-05-24,2022-10-24,2024-05-28,214,1d56d12ae25c1a8e2b028d3355dd329a6908b9c924e5de7f38f7535d55064747
ordered_rolling_origin,5,2000,400,2016-06-14,2024-05-23,2024-05-24,2024-05-28,2025-12-30,2024-05-29,2025-12-31,0,615c9ee6189e7f2d642808efbe05ba061ab831b060e55f623327dd4347a6aad7
random_size_matched,5,2000,400,2010-02-03,2024-05-23,2024-05-24,2024-05-28,2025-12-30,2024-05-29,2025-12-31,0,9e22888fc5bd77704d9342f54ecd8c2d3a715c21075eff82fef13b0f653a7e87
