scheme,fold,train_rows,test_rows,train_min,train_max,test_min,test_max,training_rows_after_first_test_date
random,1,2801,701,2010-02-02,2023-12-29,2010-02-22,2023-12-21,2788
random,2,2801,701,2010-02-02,2023-12-29,2010-02-24,2023-12-14,2786
random,3,2802,700,2010-02-02,2023-12-28,2010-02-03,2023-12-29,2801
random,4,2802,700,2010-02-02,2023-12-29,2010-02-05,2023-12-27,2799
random,5,2802,700,2010-02-03,2023-12-29,2010-02-02,2023-12-28,2802
purged_walk_forward,1,1750,349,2010-02-02,2017-01-12,2017-01-17,2018-06-05,0
purged_walk_forward,2,2100,349,2010-02-02,2018-06-05,2018-06-07,2019-10-24,0
purged_walk_forward,3,2449,349,2010-02-02,2019-10-24,2019-10-28,2021-03-17,0
purged_walk_forward,4,2798,349,2010-02-02,2021-03-17,2021-03-19,2022-08-05,0
purged_walk_forward,5,3147,351,2010-02-02,2022-08-05,2022-08-09,2023-12-29,0
