date,actual_next_day_log_return,random_selected_prediction,safe_selected_prediction
2024-01-02 14:30:00,-0.0075157151739899675,0.003423056333491053,0.003441401138475917
2024-01-03 14:30:00,-0.012781461643751157,0.002205359775550682,0.002222672802223346
2024-01-04 14:30:00,-0.004020958202368696,0.0035283755633007717,0.0035490287807822267
2024-01-05 14:30:00,0.023886994843238085,0.0019509788598563757,0.0019827854788543706
2024-01-08 14:30:00,-0.0022657689449596674,-0.00035889780063212977,-0.00034374448567834584
2024-01-09 14:30:00,0.005655364828881737,0.0008509677502795826,0.000881326139265337
2024-01-10 14:30:00,-0.0032278029111605377,0.0002576880253118086,0.0002850318178055465
2024-01-11 14:30:00,0.0017765018586652914,0.001054660038952627,0.0010868668180076912
2024-01-12 14:30:00,-0.012393460658253197,0.0008147661518876183,0.0008464031698053551
2024-01-16 14:30:00,-0.005187018485804273,0.002588935306375353,0.002616097305309883
2024-01-17 14:30:00,0.03205156405842935,0.0013596531692762334,0.0013804240178330223
2024-01-18 14:30:00,0.015413518544407978,0.00045431992839259556,0.00044888790319328473
2024-01-19 14:30:00,0.01209002060262332,0.000417003971803126,0.0004105175509418543
2024-01-22 14:30:00,0.006631130077190406,-0.0005951972505704095,-0.0006001299624195067
2024-01-23 14:30:00,-0.0034900698774702477,-2.3297199953481538e-05,-1.607799999039472e-05
2024-01-24 14:30:00,-0.0016979887269341631,0.0011472688133336033,0.0011493857656006716
2024-01-25 14:30:00,-0.009053612362048824,0.0012377296246543477,0.0012488079785304474
2024-01-26 14:30:00,-0.0035924169533503303,0.0011577820254499954,0.001172385627175606
2024-01-29 14:30:00,-0.019433257173282925,0.0012876669935350156,0.0013038620659282037
2024-01-30 14:30:00,-0.019547414632001825,0.0019475167384752161,0.0019634842046054577
2024-01-31 14:30:00,0.013252301999564509,0.0024046876468327314,0.002419624140968261
2024-02-01 14:30:00,-0.005419768296059502,0.001951563411508741,0.0019565259267734078
2024-02-02 14:30:00,0.009798460106442697,0.0029291916215246918,0.0029344673269378427
2024-02-05 14:30:00,0.00859479204208391,0.0013380444721411268,0.001363825743757308
2024-02-06 14:30:00,0.0005809088180583899,0.000678719482727966,0.0007069628463945569
2024-02-07 14:30:00,-0.005771265500913891,0.0017108773368001854,0.0017500383744848027
2024-02-08 14:30:00,0.004085519680444349,0.0012449728601873463,0.0012860686043042605
2024-02-09 14:30:00,-0.009042719051150172,0.0014675687083396068,0.0015010806169199267
2024-02-12 14:30:00,-0.011338356744902356,0.001802314240002607,0.0018382364898322729
2024-02-13 14:30:00,-0.004821372076106556,0.002437086527297573,0.002463988769081383
2024-02-14 14:30:00,-0.0015760877907702309,0.0020248436314197565,0.002049997418971429
2024-02-15 14:30:00,-0.008466034996807537,0.0023036989071128773,0.002327814895298551
2024-02-16 14:30:00,-0.004122362385876599,0.0014329344095807542,0.0014698082715667183
2024-02-20 14:30:00,0.004177187759038858,0.0017278293643945585,0.0017637045906374127
2024-02-21 14:30:00,0.011181142486544893,0.0006083848130732114,0.0006503096512864938
2024-02-22 14:30:00,-0.010084674188920673,0.0007889465769117773,0.0008223108779666088
2024-02-23 14:30:00,-0.007479155284976002,0.0007102249319400517,0.000750854456048827
2024-02-26 14:30:00,0.008081628993767076,0.0006050157419723037,0.000644003229753261
2024-02-27 14:30:00,-0.006647514065340587,0.0006064282643321603,0.0006322611666559493
2024-02-28 14:30:00,-0.003699787671345156,0.0010988645310332674,0.0011300605644027685
2024-02-29 14:30:00,-0.006048865972917206,0.003428384002321172,0.0034479353759160466
2024-03-01 14:30:00,-0.02570872697020743,0.0021555567126120587,0.0021828420270426515
2024-03-04 14:30:00,-0.028853465302080217,0.0030349124741909025,0.0030524150319671583
2024-03-05 14:30:00,-0.005895617211188586,0.003843565606444944,0.0038572307276808896
2024-03-06 14:30:00,-0.0007095782176111953,0.0021327561894323387,0.002160672823650122
2024-03-07 14:30:00,0.010184681579797683,0.002225460459398336,0.0022568597035302704
2024-03-08 14:30:00,0.011762092562559445,0.00016215073645275524,0.00018980468878155394
2024-03-11 13:30:00,0.0027745467299133963,4.307993394493475e-05,7.309603468954879e-05
2024-03-12 13:30:00,-0.012196562324443327,0.0008531425007129483,0.0008969987865380356
2024-03-13 13:30:00,0.010868297769353497,0.0011978194279384233,0.001239308364258653
2024-03-14 13:30:00,-0.0021991156080272134,0.0013309482115113453,0.0013595666458337428
2024-03-15 13:30:00,0.006352056053791522,0.003330580994129129,0.0033473195868189876
2024-03-18 13:30:00,0.013493714895421505,0.00030579593808510437,0.00033746642883086375
2024-03-19 13:30:00,0.014602111824516761,-0.0004969438315362558,-0.00048314955668782365
2024-03-20 13:30:00,-0.041715606708363495,-0.0005704485539872379,-0.0005568620353327022
2024-03-21 13:30:00,0.005296132557137234,0.0009189488211730663,0.0009199712271374038
2024-03-22 13:30:00,-0.008335096591697067,-0.0004896409695838229,-0.0005007127802011035
2024-03-25 13:30:00,-0.006694848794058572,0.0008725143246898981,0.000869267647208404
2024-03-26 13:30:00,0.020990771882213544,0.00018743620398569923,0.0001951588653744909
2024-03-27 13:30:00,-0.010615388539007675,-0.0013354868843282745,-0.001338969070581422
2024-03-28 13:30:00,-0.008491622124278564,0.0018632296478826205,0.0018785407809011152
2024-04-01 13:30:00,-0.0070233883437689215,0.00013525992738990748,0.00015945466663344306
2024-04-02 13:30:00,0.00478617993383601,0.0015714144227014716,0.0015909584331418886
2024-04-03 13:30:00,-0.004904588836277313,0.0008635253942173937,0.0008909639601206566
2024-04-04 13:30:00,0.004491802944473378,0.001931642958931014,0.0019806347785268166
2024-04-05 13:30:00,-0.0066857245556501965,0.000852538602301935,0.0008872087414986754
2024-04-08 13:30:00,0.007216158233756431,0.0015898151473330252,0.0016265346631302
2024-04-09 13:30:00,-0.011201750508412545,0.0007751900615858663,0.0008044954022804747
2024-04-10 13:30:00,0.04236088887289302,0.0019457344435901802,0.0019723798411727896
2024-04-11 13:30:00,0.008589588446043628,-0.001365613350833534,-0.0013697807828647155
2024-04-12 13:30:00,-0.022106140757052195,0.0013675330265140303,0.0013613944267614041
2024-04-15 13:30:00,-0.01935302251428883,0.0005635721656759853,0.0005640439136562141
2024-04-16 13:30:00,-0.008180972054939062,0.0005798427850233278,0.0005693535438973302
2024-04-17 13:30:00,-0.005730759665437013,0.0007484821749584739,0.0007394525598081281
2024-04-18 13:30:00,-0.012287582237327399,0.0012268469200780573,0.0012424195824466957
2024-04-19 13:30:00,0.005077847369217459,0.00303072265257486,0.0030554297979273125
2024-04-22 13:30:00,0.006371454393247156,0.0009833018792679451,0.0010076529939896225
2024-04-23 13:30:00,0.012622218173826916,0.0015427391697865316,0.0015670869002514074
2024-04-24 13:30:00,0.005134076502335105,0.0003216603831230696,0.00034160019338168963
2024-04-25 13:30:00,-0.003478673744075067,0.001183725433485318,0.001217915241943755
2024-04-26 13:30:00,0.02450505030507788,0.0016968385913959708,0.0017399937756762628
2024-04-29 13:30:00,-0.01843971131749722,0.0010201101388541,0.0010406963070783675
2024-04-30 13:30:00,-0.00606533898758066,0.0016050946118133062,0.0016212443515494482
2024-05-01 13:30:00,0.02179241830724532,0.00022711619517202652,0.00023764821842142746
2024-05-02 13:30:00,0.058095619590771364,0.001659678483435146,0.0016483428464052201
2024-05-03 13:30:00,-0.00914833525141212,-0.0011327602499878087,-0.0011559045688006434
2024-05-06 13:30:00,0.003789882452682747,8.317721984109848e-06,-1.5539607382189426e-05
2024-05-07 13:30:00,0.0018623044469343597,-0.0009564086512052687,-0.000979717095740428
2024-05-08 13:30:00,0.009964456521568188,0.00038711075646214864,0.0003616517005899134
2024-05-09 13:30:00,-0.0069141365583025305,-0.000695920364227253,-0.0007227704313367543
2024-05-10 13:30:00,0.017491620312815925,0.001215491762267368,0.001221169834921025
2024-05-13 13:30:00,0.006154543868033713,0.0013046093130187233,0.0013046245400590655
2024-05-14 13:30:00,0.012143992297898976,0.0013978981723588569,0.0013975141189342686
2024-05-15 13:30:00,0.0006320625558666748,0.0009152225230302706,0.0009070933667928744
2024-05-16 13:30:00,0.00015813577989653993,0.001636280497156589,0.001637594518150575
2024-05-17 13:30:00,0.006143113490109542,0.0018307460741124896,0.0018520785019231194
2024-05-20 13:30:00,0.006833998777571182,0.0016999538630360516,0.0017180443905961632
2024-05-21 13:30:00,-0.0075669848646571225,0.001876818450341489,0.0018953722978584946
2024-05-22 13:30:00,-0.02128302352689726,0.0015753592041611718,0.0016011402962635445
2024-05-23 13:30:00,0.01645191885045083,0.0021207127775495164,0.0021425085285258043
2024-05-24 13:30:00,5.286504633250644e-05,0.000514769789786468,0.0005212022751808268
2024-05-28 13:30:00,0.001577610496109827,0.0017395535960535629,0.001755652197087617
2024-05-29 13:30:00,0.005241442960889131,0.0015261299914561062,0.001542351499322296
2024-05-30 13:30:00,0.005006047604675601,0.002111208362527163,0.002127694449837988
2024-05-31 13:30:00,0.009216130977224957,0.003115817574212502,0.003136146294476011
2024-06-03 13:30:00,0.0016479107616289568,0.0012931846232919326,0.0013234539273526815
2024-06-04 13:30:00,0.007790506978031075,0.0016419428918209391,0.001677036825714189
2024-06-05 13:30:00,-0.007121773604589876,0.002011476853600739,0.0020418772939709857
2024-06-06 13:30:00,0.012315677300110295,0.0013112067733692763,0.0013423835845375368
2024-06-07 13:30:00,-0.019333299602785736,0.0008771354110550453,0.0008872954960975133
2024-06-10 13:30:00,0.07013132770478414,0.003341762883576836,0.0033533016616348727
2024-06-11 13:30:00,0.028177747234457762,-0.0036506121068122675,-0.0037003844486799852
2024-06-12 13:30:00,0.005476195423817387,-0.0017237937541027147,-0.0017610960054256354
2024-06-13 13:30:00,-0.008202164291217784,-0.0016733429691498467,-0.0017001944210612995
2024-06-14 13:30:00,0.019480614127968643,-0.0003686178502632265,-0.0004084198983626535
2024-06-17 13:30:00,-0.011045299520207053,-0.0005937373261234282,-0.0006369240340953486
2024-06-18 13:30:00,-0.021747663354685365,0.0015789039687379147,0.0015672513993522429
2024-06-20 13:30:00,-0.010499366394705056,0.0017965611053869304,0.0017905468473974357
2024-06-21 13:30:00,0.0031277718053894787,0.003601659567737888,0.0035812415675351935
2024-06-24 13:30:00,0.00445819519381363,0.001408236388097566,0.0014014932827922078
2024-06-25 13:30:00,0.019796001868614077,0.0013785092180615196,0.0013776809839807541
2024-06-26 13:30:00,0.0039780376828542074,0.0006038186119050533,0.0006150171476662367
2024-06-27 13:30:00,-0.016387575221922468,0.0016897039428020082,0.0017197174143704203
2024-06-28 13:30:00,0.02868902823235775,0.002211473674576777,0.0022441476527509784
2024-07-01 13:30:00,0.016109486345778024,2.1162955913858186e-05,2.5894283726991167e-05
2024-07-02 13:30:00,0.005794161475828119,0.0010549626124704155,0.001064725587440839
2024-07-03 13:30:00,0.021389974871275363,0.0004388646218534447,0.0004529547183267765
2024-07-05 13:30:00,0.006517656122570159,-5.9198142220113614e-05,-6.680738987531747e-05
2024-07-08 13:30:00,0.003767750210378118,0.001212385284979002,0.0012155137808550717
2024-07-09 13:30:00,0.01862897331837665,0.0011923951542723722,0.0011970831661634578
2024-07-10 13:30:00,-0.023494731198476337,0.0012299767469889692,0.0012257427165042229
2024-07-11 13:30:00,0.012966430164943255,0.0008956751059630093,0.0008978376098455979
2024-07-12 13:30:00,0.016604653486853138,-0.0006259143835626374,-0.000631707161827407
2024-07-15 13:30:00,0.001790256955076508,-4.0955942584082906e-05,-5.114405769884086e-05
2024-07-16 13:30:00,-0.025621342497170296,-0.0004405041592731923,-0.0004386082080878157
2024-07-17 13:30:00,-0.020748494289938968,0.0011195571051124727,0.0011154933925788234
2024-07-18 13:30:00,0.0005796382815592693,0.0007939253356029674,0.0008027162690330271
2024-07-19 13:30:00,-0.0015615581597492323,0.0016750813339357594,0.001684405741370825
2024-07-22 13:30:00,0.00467737807177393,0.0014063135562983281,0.0014381864576367505
2024-07-23 13:30:00,-0.029175838416398037,0.00020862314895575735,0.0002410114015557541
2024-07-24 13:30:00,-0.004816047101059873,0.0027534391177189595,0.002791689856371336
2024-07-25 13:30:00,0.0021586109225264494,0.001108343284002036,0.001137353370532293
2024-07-26 13:30:00,0.0012837576077409096,0.0015415900140299471,0.0015751219176066203
2024-07-29 13:30:00,0.0025627224746189725,0.0008641960660277261,0.0009074832702282423
2024-07-30 13:30:00,0.014879650772674502,0.0007645966684877417,0.0008095839290314758
2024-07-31 13:30:00,-0.016892675359117426,0.00146845320378373,0.0015046710396863254
2024-08-01 13:30:00,0.006846059202733734,0.0018121400902163486,0.0018471499478116384
2024-08-02 13:30:00,-0.049365837867271445,0.0018610898056967864,0.001874108604747708
2024-08-05 13:30:00,-0.00979591832335025,0.0016778317106836368,0.001660234068164955
2024-08-06 13:30:00,0.012420694683526357,0.00012492461118753743,0.0001301149529020398
2024-08-07 13:30:00,0.01649641565130011,8.929724261849312e-05,8.627484397420618e-05
2024-08-08 13:30:00,0.013642513375723198,-0.0014680146037635397,-0.0014587458945664864
2024-08-09 13:30:00,0.007104719335946363,-0.0019068846972827617,-0.0019054856675836426
2024-08-12 13:30:00,0.017046811301732134,-0.00038232579433422793,-0.00035740713835068954
2024-08-13 13:30:00,0.0020316113264247093,0.0005045087294844256,0.0005293251927742735
2024-08-14 13:30:00,0.013439928702468684,0.0011319220769387666,0.0011588938422048968
2024-08-15 13:30:00,0.005900976726474383,0.0007856345084112407,0.000807128398412051
2024-08-16 13:30:00,-0.0007080060400683763,0.0013283859652689827,0.0013456698079986132
2024-08-19 13:30:00,0.0027408544751654773,0.0005795862577671584,0.0005836601371350192
2024-08-20 13:30:00,-0.00048566920128934044,0.0003362832935171144,0.00033918502280348586
2024-08-21 13:30:00,-0.008294041572725952,0.0008307363714219998,0.0008385701975269731
2024-08-22 13:30:00,0.010235576050048323,0.0013807568664138954,0.0013990689090445183
2024-08-23 13:30:00,0.00149777293792841,0.0006513809999105271,0.0006646545662757782
2024-08-26 13:30:00,0.0037344446789973063,0.0008776450313679093,0.0008966754693224288
2024-08-27 13:30:00,-0.006776393544890347,0.0008122866669375649,0.0008324478313411566
2024-08-28 13:30:00,0.014465144088839033,0.0013032609003505644,0.0013256316805562959
2024-08-29 13:30:00,-0.003443848914919556,0.0012242746728328418,0.0012443644608534717
2024-08-30 13:30:00,-0.027582209705264482,0.0026963756288831253,0.0027160499919152
2024-09-03 13:30:00,-0.00865602311670255,0.0015008576603457008,0.0015290404305122523
2024-09-04 13:30:00,0.0069037355631298425,0.0019408823255503652,0.001959057054597815
2024-09-05 13:30:00,-0.007039599628484439,0.0009227743463975813,0.0009427121225309375
2024-09-06 13:30:00,0.0004073975310152633,0.0019725051461469464,0.002000570860764595
2024-09-09 13:30:00,-0.003628037180496868,0.0027167880625998233,0.002734380051193172
2024-09-10 13:30:00,0.011518701912692997,0.0025998752930259986,0.0026303043252629728
2024-09-11 13:30:00,0.0004938249188457533,0.0007787609495447597,0.0008138484234622738
2024-09-12 13:30:00,-0.0012126833343888421,0.000998773754411233,0.0010361863799580161
2024-09-13 13:30:00,-0.028168338085245992,0.001235922432996022,0.0012793659385757438
2024-09-16 13:30:00,0.002170393245249258,0.0036639200824280854,0.0036791155155311817
2024-09-17 13:30:00,0.01782978331118379,0.001330613339071375,0.0013417254147983634
2024-09-18 13:30:00,0.036395140729856834,0.0011448838429815248,0.0011467269244658422
2024-09-19 13:30:00,-0.0029317290169510457,-0.0005234850658936249,-0.0005295502193459415
2024-09-20 13:30:00,-0.007609834889219513,0.0022919845710625266,0.002280771340877986
2024-09-23 13:30:00,0.003966086430253313,0.000280656665563462,0.0002854734056161008
2024-09-24 13:30:00,-0.0044078636375965985,0.00018385915332463812,0.00018515026367406395
2024-09-25 13:30:00,0.005067373986078039,0.0008436856783685096,0.0008438881348329663
2024-09-26 13:30:00,0.0011859425947342572,0.0008780627348640578,0.0009021980612274177
2024-09-27 13:30:00,0.022614367908669664,0.0012058164840966297,0.0012294363874176734
2024-09-30 13:30:00,-0.029574689353939476,4.785383997941159e-05,4.6874278860088475e-05
2024-10-01 13:30:00,0.002516638572107155,0.0014302730554387028,0.0014292865759991452
2024-10-02 13:30:00,-0.004906732764993649,-0.0006816269739430771,-0.0006796915434253963
2024-10-03 13:30:00,0.004994862643933118,0.0013786655121778037,0.0013876802315648288
2024-10-04 13:30:00,-0.022788647354759384,0.00017757186428233088,0.00019408343221522634
2024-10-07 13:30:00,0.018236931963310887,0.001853996355217883,0.0018750491338297747
2024-10-08 13:30:00,0.016560452018849148,0.00023262606639018934,0.00024853280178775325
2024-10-09 13:30:00,-0.002180634587295671,0.00020488195367477952,0.0002126111010827222
2024-10-10 13:30:00,-0.0065265606079636385,0.000583615313286286,0.0005988636547476757
2024-10-11 13:30:00,0.016345558637679503,0.0010210610494687247,0.001035997269684969
2024-10-14 13:30:00,0.01096428583399689,0.0014020329768402097,0.0014210667808571917
2024-10-15 13:30:00,-0.00889129669529698,0.0015341300429192392,0.0015487463482247309
2024-10-16 13:30:00,0.001595057948003742,0.001622216714650155,0.0016384928998617557
2024-10-17 13:30:00,0.01220179161205781,0.00047828917995094956,0.0004944951185106956
2024-10-18 13:30:00,0.006278147127464884,0.0017939491186793098,0.0018036803269120647
2024-10-21 13:30:00,-0.0026250828755092215,0.0010174586827308135,0.0010235561861006745
2024-10-22 13:30:00,-0.0218603389204004,0.0013449967852130454,0.0013556998949520072
2024-10-23 13:30:00,-0.0008236692634646658,0.002136816234347176,0.002150410811556993
2024-10-24 13:30:00,0.0036365546387164827,0.001073279047506344,0.0010838205719438765
2024-10-25 13:30:00,0.00856257637472968,0.0017087729937416444,0.0017172259846519808
2024-10-28 13:30:00,0.0011561485548385875,0.00098003155787922,0.000998704094509474
2024-10-29 13:30:00,-0.015395760147743687,0.0014237299637981271,0.0014462782266995385
2024-10-30 13:30:00,-0.018377452905823155,0.0028086461667498038,0.0028308852116416634
2024-10-31 13:30:00,-0.01336845203694459,0.003721070072536762,0.0037355285842267127
2024-11-01 13:30:00,-0.0040456700058504325,0.0038301970792407923,0.003842018253723585
2024-11-04 14:30:00,0.006465183784862383,0.003141365559471716,0.0031729808841941647
2024-11-05 14:30:00,-0.0032722707945049834,0.0008168174593963564,0.0008564225049952562
2024-11-06 14:30:00,0.021146980800385684,0.0019872667384143454,0.0020165251253085803
2024-11-07 14:30:00,-0.001188981676001788,0.00017352619306203068,0.00019551964070861627
2024-11-08 14:30:00,-0.012101462056794077,0.0015282420111044895,0.0015587390334812481
2024-11-11 14:30:00,0.0,0.0010990407684118267,0.0011298476059039926
2024-11-12 14:30:00,0.003961227260457001,0.0014563375560090728,0.001481798943370492
2024-11-13 14:30:00,0.013676491573147764,0.0016027663460802366,0.00162103540376747
2024-11-14 14:30:00,-0.0142096376931109,0.0006343404527535319,0.0006515139454730716
2024-11-15 14:30:00,0.013332957707131499,0.0018280306512179414,0.0018418718811011154
2024-11-18 14:30:00,0.0011395611120965654,-0.0002951591356773449,-0.0002871019897632233
2024-11-19 14:30:00,0.003149194986866277,0.00040607777374197904,0.0004197301121804471
2024-11-20 14:30:00,-0.0020983610027389688,-0.0004624451907628629,-0.00044453534177311916
2024-11-21 14:30:00,0.00589018625561355,0.0008168685772971454,0.0008398961020320236
2024-11-22 14:30:00,0.012966393525867481,0.0009048072618864734,0.0009284074674240769
2024-11-25 14:30:00,0.009360522083071032,0.0028275802245098514,0.002832990676908402
2024-11-26 14:30:00,-0.0005533145875133982,0.001032651312336248,0.0010480219874301508
2024-11-27 14:30:00,0.010163968221484687,0.0005251642367704254,0.0005470545899395678
2024-11-29 14:30:00,0.009477599654489133,-0.0003680492294944886,-0.0003409108873799675
2024-12-02 14:30:00,0.012690989816050546,0.001425159404577407,0.0014372443294969732
2024-12-03 14:30:00,0.0014825201857524561,0.00046559041984030097,0.0004848795050622517
2024-12-04 14:30:00,0.00012332298932626884,0.0014092127506480283,0.00142597157729582
2024-12-05 14:30:00,-0.0008232634600124911,0.0012585059366050965,0.0012774137644009894
2024-12-06 14:30:00,0.01597291598649342,0.0009953343916716774,0.00101081421604576
2024-12-09 14:30:00,0.004125335897301241,0.00027060202268623765,0.00027633290797588947
2024-12-10 14:30:00,-0.005179490067748205,0.0008382119048136346,0.0008577136238157477
2024-12-11 14:30:00,0.005946028455420915,0.0011668222617194838,0.001187817730455789
2024-12-12 14:30:00,0.0006853687309948953,0.0003081579208814634,0.00032660136789416016
2024-12-13 14:30:00,0.011659440364001128,0.0008227069424003331,0.000843783924909988
2024-12-16 14:30:00,0.009672590217253862,0.0016300715195306326,0.0016458658443833886
2024-12-17 14:30:00,-0.021654487596208583,0.0016472087665048854,0.0016640577304780912
2024-12-18 14:30:00,0.006990160219493724,0.001997337815721777,0.0020157963977566447
2024-12-19 14:30:00,0.018640977671553927,0.0014362478194766058,0.0014402095508745643
2024-12-20 14:30:00,0.003060399277842407,0.0018799950969361685,0.0018695448669738286
2024-12-23 14:30:00,0.011412726659331796,0.0008538932398417653,0.0008699154694131602
2024-12-24 14:30:00,0.0031707795896016577,-0.0010138439145228914,-0.000995692531059785
2024-12-26 14:30:00,-0.013330922823981517,0.0007978810083602065,0.0008212082025326464
2024-12-27 14:30:00,-0.013352152251794536,0.0011610292751597564,0.0011797879458989716
2024-12-30 14:30:00,-0.007082877798225695,0.0018045104301573174,0.0018181615697682896
2024-12-31 14:30:00,-0.026586203709363154,0.0018603886720904516,0.0018814084926875576
2025-01-02 14:30:00,-0.0020113730075381753,0.0026555801775827196,0.002686399504784702
2025-01-03 14:30:00,0.006716338737429162,0.0020184349869825672,0.002039316847674611
2025-01-06 14:30:00,-0.011453086178669025,0.0016038096425767734,0.0016244047889931849
2025-01-07 14:30:00,0.0020209766574197374,0.0018684565624564637,0.0019023858012638202
2025-01-08 14:30:00,-0.024399121222781872,0.0009177579769411914,0.0009494327774637134
2025-01-10 14:30:00,-0.010397881043219925,0.0028123716693827876,0.0028507580280271796
2025-01-13 14:30:00,-0.004789642117103199,0.0022498486622216382,0.0022857371331072977
2025-01-14 14:30:00,0.01948479289292493,0.002289305335180908,0.002332146520742091
2025-01-15 14:30:00,-0.041238949127982316,0.00018509862755243327,0.00021258484540787178
2025-01-16 14:30:00,0.0075070326070303395,0.0017494235777570947,0.0017856546626496366
2025-01-17 14:30:00,-0.03243626424747159,0.0004178724993032728,0.00042835976764928573
2025-01-21 14:30:00,0.005330789545334724,0.0038376997447815545,0.00383773398161771
2025-01-22 14:30:00,-0.0007598724532842382,0.0005872634925443344,0.0005907453586592192
2025-01-23 14:30:00,-0.003942292486275534,0.0013989616376663546,0.0014149674692228145
2025-01-24 14:30:00,0.03128569621418276,0.0011459150215678859,0.0011787916455806382
2025-01-27 14:30:00,0.03589213975735461,-0.0006958079698928714,-0.0006977507095709602
2025-01-28 14:30:00,0.004606166481783802,-0.0013061384731185527,-0.0013067450381605097
2025-01-29 14:30:00,-0.007422196765913824,-0.0010807765060118798,-0.0010778018516683528
2025-01-30 14:30:00,-0.006714792118815538,0.0004557184093822768,0.00046060214287643904
2025-01-31 14:30:00,-0.034442319277538935,-0.0007908167686598334,-0.0007836065381668525
2025-02-03 14:30:00,0.020790312242924713,0.002090864388047833,0.002074955571940131
2025-02-04 14:30:00,-0.0014185271533913024,-0.0014356046600985405,-0.0014546139215140452
2025-02-05 14:30:00,0.0032209720557254684,0.00032431950589023205,0.00031141074199143816
2025-02-06 14:30:00,-0.024260723882004953,-0.0014022190731946445,-0.0014043851801737325
2025-02-07 14:30:00,0.0011867655489927742,-0.00023994585319569387,-0.0002383379542825817
2025-02-10 14:30:00,0.02159680847641443,0.00020099221483935842,0.00021426204547115787
2025-02-11 14:30:00,0.018105227716151084,0.0005306441697484743,0.0005422600448011717
2025-02-12 14:30:00,0.019482235336028886,-0.00011787774664661754,-0.00010488018135718482
2025-02-13 14:30:00,0.01263068732591588,-0.0007770138586610398,-0.0007703650117442972
2025-02-14 14:30:00,-0.0005317092751075947,0.0005368201827704742,0.0005565692921851629
2025-02-18 14:30:00,0.0016349089857632393,0.001322831762857232,0.0013271095079192678
2025-02-19 14:30:00,0.003912723014864561,0.0008673046333115306,0.0008813136972051574
2025-02-20 14:30:00,-0.0011396537456329625,0.0012691951031514204,0.0012796393657668727
2025-02-21 14:30:00,0.006292594039562616,0.002552881334110381,0.002564693467475405
2025-02-24 14:30:00,-0.00024296285553049302,0.0018824150773126564,0.0018879708125590124
2025-02-25 14:30:00,-0.027412453139792348,0.001636937694615371,0.0016479455920146106
2025-02-26 14:30:00,-0.012812622264148033,0.001440909974752646,0.0014489999927269884
2025-02-27 14:30:00,0.018951151802367505,0.0011483972814065417,0.0011598759083587345
2025-02-28 14:30:00,-0.015879458237123778,-0.0004057077260921343,-0.0004018028744855035
2025-03-03 14:30:00,-0.008861676905309146,0.0014114907784120868,0.0014362538363481073
2025-03-04 14:30:00,-0.0008056663200202152,0.0018777502188078745,0.0018977044749816966
2025-03-05 14:30:00,-0.001740685776768558,0.0014038214464799884,0.0014275366412626175
2025-03-06 14:30:00,0.01576765828687421,0.0019210223047873309,0.0019471884639599094
2025-03-07 14:30:00,-0.04969407749542043,0.0006169596186476142,0.0006434149083713339
2025-03-10 13:30:00,-0.029623944431472538,0.003050477478650845,0.003076332008226482
2025-03-11 13:30:00,-0.017633238021959485,0.0029011625675738244,0.0029125998209451037
2025-03-12 13:30:00,-0.03422268431660935,0.002961371689110233,0.0029705123834931923
2025-03-13 13:30:00,0.01800759706042765,0.0023647174706295975,0.002390500236417462
2025-03-14 13:30:00,0.0023859471927512033,0.0009569577062342687,0.0009741763915600452
2025-03-17 13:30:00,-0.006140284415222297,0.0008778734596957291,0.0009067127469364318
2025-03-18 13:30:00,0.011917964160499395,0.00023668225394926482,0.0002748337576474934
2025-03-19 13:30:00,-0.005310537672554183,0.0002944439063875398,0.0003196571848388199
2025-03-20 13:30:00,0.01928966960593481,0.0013838308707839384,0.0014254806243057694
2025-03-21 13:30:00,0.011207336503279208,0.0020452980420347516,0.0020673559744373024
2025-03-24 13:30:00,0.013589067061217541,0.0004298333509440344,0.0004583369342142658
2025-03-25 13:30:00,-0.009971232624143234,-0.0011893598758360453,-0.0011680955636692385
2025-03-26 13:30:00,0.010418229142255875,-0.00044032858114106065,-0.00042294645752145106
2025-03-27 13:30:00,-0.026939980585352963,-0.0010341754549989999,-0.0010366320625994872
2025-03-28 13:30:00,0.01922665000213719,0.00031354828705859865,0.00031641787611458587
2025-03-31 13:30:00,0.004760527507908563,-0.0013346076550502153,-0.0013509086279252318
2025-04-01 13:30:00,0.0031313126062384455,-0.00030910529566172,-0.00031914310940053077
2025-04-02 13:30:00,-0.09701328424154809,-0.0008646643063653133,-0.00086625563995572
2025-04-03 13:30:00,-0.0756801583150386,0.004491186920411533,0.004432688819755927
2025-04-04 13:30:00,-0.03742614203116279,0.0016478452881549472,0.001602532731234996
2025-04-07 13:30:00,-0.051101822142550546,0.0011584365443221547,0.0011273568808633579
2025-04-08 13:30:00,0.1426173527225112,-5.447246310078457e-06,5.339011138803828e-05
2025-04-09 13:30:00,-0.043318684314749945,-0.013251661760789762,-0.013349675709219674
2025-04-10 13:30:00,0.03979229074348645,0.000191574572646536,0.0001411452375762103
2025-04-11 13:30:00,0.02181436124316516,-0.00788730257034424,-0.007954863197825414
2025-04-14 13:30:00,-0.0018781629607929062,-0.0025153425708862457,-0.002557593784723111
2025-04-15 13:30:00,-0.03971139806968882,-0.00052001600091574,-0.0005701116602763324
2025-04-16 13:30:00,0.013853032535340759,0.00272352730218954,0.0027280142317594046
2025-04-17 13:30:00,-0.01958325306436226,0.001656435729229207,0.001626818038049919
2025-04-21 13:30:00,0.03349768039031176,0.003401553908762305,0.003358096868526943
2025-04-22 13:30:00,0.02404033998312194,-0.0011564759089835166,-0.0012140831849969157
2025-04-23 13:30:00,0.018258318888436875,-0.0010220495833079316,-0.0010917031833804218
2025-04-24 13:30:00,0.004357856364999968,0.0003522991993623833,0.00033088373719869144
2025-04-25 13:30:00,0.004100876508605467,0.0010103669551649336,0.0009669005728225681
2025-04-28 13:30:00,0.005079008067031765,0.0021896112956678315,0.002170002099621053
2025-04-29 13:30:00,0.006089043625775226,0.0028915591842152513,0.0028745089815355907
2025-04-30 13:30:00,0.003851397157946579,0.0026412587181061896,0.0026273718466948773
2025-05-01 13:30:00,-0.03807755324706008,0.0031786692064914007,0.0031547524986540146
2025-05-02 13:30:00,-0.03196389504538111,0.005044524626862635,0.00500808911304986
2025-05-05 13:30:00,-0.0019125519476004271,0.003741357720400889,0.0037135558055941507
2025-05-06 13:30:00,-0.011450047947276332,0.0042664696422521665,0.004245939138414881
2025-05-07 13:30:00,0.006298682378986342,0.0047567892529303485,0.00476634993202117
2025-05-08 13:30:00,0.005252133722545516,0.0007547938517997741,0.000777589110874095
2025-05-09 13:30:00,0.061232627248259064,0.0014275546014227512,0.0014607491107133381
2025-05-12 13:30:00,0.010101062358679691,-0.0015843512826826606,-0.0015768424080709552
2025-05-13 13:30:00,-0.0028216991384937273,0.0003674591219902483,0.00036888073784219536
2025-05-14 13:30:00,-0.004153155784153206,0.00013804789857194014,0.00014306701436928818
2025-05-15 13:30:00,-0.0008989652784503477,0.0011776495144111034,0.0011740046239171638
2025-05-16 13:30:00,-0.011808497154382813,0.0014993002780540733,0.0014803698876377416
2025-05-19 13:30:00,-0.009238837244430975,0.0021278408140961444,0.0021329361645927424
2025-05-20 13:30:00,-0.023329159153569812,0.002089000103921216,0.0021014826752725414
2025-05-21 13:30:00,-0.003618779122479765,0.0025062911418382823,0.002512045891596862
2025-05-22 13:30:00,-0.030711091992471573,0.0018176953478728146,0.0018210282464903998
2025-05-23 13:30:00,0.024983702011514453,0.004511678639829465,0.004505360597650896
2025-05-27 13:30:00,0.0010483209838465513,0.0005104939853532325,0.0005185183754357417
2025-05-28 13:30:00,-0.0023479236879406784,0.0014530749180965581,0.0014722431763295215
2025-05-29 13:30:00,0.004491124586101236,8.219959865461007e-05,0.00011492857002360995
2025-05-30 13:30:00,0.004223033325794212,0.0015284417303278695,0.001537686441634811
2025-06-02 13:30:00,0.007753652101769148,0.0011865323591772456,0.0012193862623746284
2025-06-03 13:30:00,-0.0022162318442875417,0.0021780684925308217,0.002213625548580513
2025-06-04 13:30:00,-0.01085643132370162,0.0018474386361286197,0.001885153158029952
2025-06-05 13:30:00,0.01626524053228806,0.002509563965511313,0.002536254584108724
2025-06-06 13:30:00,-0.012186371772803462,0.0009566558718874788,0.0009725835071600032
2025-06-09 13:30:00,0.0060376501326393495,0.002723486601251857,0.0027283812006737894
2025-06-10 13:30:00,-0.019380291361327906,0.0003484118235083057,0.00035831723905746765
2025-06-11 13:30:00,0.0021106805202384393,0.0013222308690662142,0.001340115028778554
2025-06-12 13:30:00,-0.013901465204757102,6.300779165162632e-05,7.598665857855942e-05
2025-06-13 13:30:00,0.00997813256854485,0.00141677486208902,0.0014427542101002955
2025-06-16 13:30:00,-0.014109777787359334,9.127395422452742e-05,0.00011075079135866464
2025-06-17 13:30:00,0.004793273650902208,0.0009819138897517897,0.0010135031736696009
2025-06-18 13:30:00,0.022235368433496383,0.0006578407673544912,0.0006842532724732365
2025-06-20 13:30:00,0.0024845957941197483,0.001760926390720251,0.0017620613101264066
2025-06-23 13:30:00,-0.005973142779788887,0.0012101276622468946,0.0012350592230851508
2025-06-24 13:30:00,0.006270694251408138,0.0010496962809357546,0.0010755848065799431
2025-06-25 13:30:00,-0.002782147265738999,0.00018452176699844532,0.00021326244449882488
2025-06-26 13:30:00,0.0003978802500066436,0.0012502292112465175,0.001268067714907925
2025-06-27 13:30:00,0.020136141089457382,0.002409427716233232,0.002432321321041619
2025-06-30 13:30:00,0.012833484940532713,0.000364416718373325,0.0003695657903982977
2025-07-01 13:30:00,0.021987272462522967,0.0013445475877809988,0.001354667584563492
2025-07-02 13:30:00,0.005211252850740422,-0.000545957563140968,-0.0005452023370474373
2025-07-03 13:30:00,-0.017001531849971663,-0.000633991864238876,-0.0006224361932366286
2025-07-07 13:30:00,0.0002857964862252871,-0.0003439084331017979,-0.0003306939206527131
2025-07-08 13:30:00,0.0053662365842850335,0.00014759652063175413,0.00015151347949668393
2025-07-09 13:30:00,0.005996920260517236,0.000519988190044377,0.0005200191121604394
2025-07-10 13:30:00,-0.005902158436303928,0.0003750886818792013,0.000385859712763332
2025-07-11 13:30:00,-0.01210181331513116,0.0009100679021491218,0.0009235551544453092
2025-07-14 13:30:00,0.0023460740355769616,0.0010174531233641396,0.0010369674381585175
2025-07-15 13:30:00,0.005008729029391645,0.0012710419505333917,0.0012928316792498436
2025-07-16 13:30:00,-0.0006663876857384565,0.0013425014179382188,0.001369064271841031
2025-07-17 13:30:00,0.0055079329688254575,0.002025455948846487,0.0020615463636639844
2025-07-18 13:30:00,0.006137159805808423,0.0017907727447670054,0.0018248206792114926
2025-07-21 13:30:00,0.008995498287768022,0.0014756395742726578,0.001510223953494766
2025-07-22 13:30:00,-0.0011667111931847884,0.001266992686370128,0.0012983465401070339
2025-07-23 13:30:00,-0.0018228062438945258,0.0016922554109882854,0.0017262795203523392
2025-07-24 13:30:00,0.000561256032128199,0.0017921057132699798,0.0018239285316680976
2025-07-25 13:30:00,0.000794555957921439,0.0015314751820676537,0.0015637471680159795
2025-07-28 13:30:00,-0.013072639532385466,0.0013518161461574243,0.0013805980177029593
2025-07-29 13:30:00,-0.010563614150768785,0.0021437800211391743,0.002172334857533784
2025-07-30 13:30:00,-0.007104769929467736,0.0013656737253113305,0.0013979728821538902
2025-07-31 13:30:00,-0.025321448299336247,0.004507792273699144,0.004518606113416628
2025-08-01 13:30:00,0.004781426286450063,0.002096936920912353,0.002135680058614773
2025-08-04 13:30:00,-0.0021168244740552566,0.0014049814635717832,0.001433615029117537
2025-08-05 13:30:00,0.04965339712598027,0.0014325498354224493,0.0014696649740975937
2025-08-06 13:30:00,0.03129865093982165,-0.0018752420909811211,-0.0018817054096507539
2025-08-07 13:30:00,0.04148540992381111,-0.00037276831771819344,-0.00037701327151002913
2025-08-08 13:30:00,-0.008372279345131517,-0.0025879398785492395,-0.0025949424342623447
2025-08-11 13:30:00,0.010813677907216324,0.00012003351221446666,0.00011253380141586266
2025-08-12 13:30:00,0.01589735852451657,-0.0007169527316276483,-0.0007364536766253423
2025-08-13 13:30:00,-0.0023600155775964637,0.0005294900926478385,0.0005035651391625649
2025-08-14 13:30:00,-0.005125247256538401,6.543799216180584e-05,4.829978012360538e-05
2025-08-15 13:30:00,-0.003027136510429962,0.0004215802688211671,0.00040911729507149336
2025-08-18 13:30:00,-0.0014302555500620429,0.0005826257190925473,0.0005699639775726274
2025-08-19 13:30:00,-0.01993186324842089,0.0005496661548939986,0.000538025673385982
2025-08-20 13:30:00,-0.00492343960280639,0.0017449539805861835,0.0017563337913711597
2025-08-21 13:30:00,0.012636643084642074,0.0014567442253238113,0.0014757234162656656
2025-08-22 13:30:00,-0.0026377685683272034,0.0016107120223854468,0.0016295472644409824
2025-08-25 13:30:00,0.009420129348730377,0.0014209937433752513,0.0014446911104718948
2025-08-26 13:30:00,0.005132752986617639,0.0012531097201183181,0.0012715728445716278
2025-08-27 13:30:00,0.008940696391100289,0.001992210185401599,0.0020246526292799797
2025-08-28 13:30:00,-0.0018076304121468212,0.0017528292913512693,0.0017863921247969154
2025-08-29 13:30:00,-0.010479367452414401,0.0029183715588000972,0.0029509057545565884
2025-09-02 13:30:00,0.037382304368779984,0.002873501067025062,0.0028984246878463555
2025-09-03 13:30:00,0.00547830765219004,0.0007970762291793885,0.0008023910594158936
2025-09-04 13:30:00,-0.00037544440725501005,0.0013223866339900697,0.0013223155915829785
2025-09-05 13:30:00,-0.007580103253194359,0.0006233761599926314,0.0006205544006664915
2025-09-08 13:30:00,-0.014950513054872161,0.0008418589703873215,0.0008384320323725489
2025-09-09 13:30:00,-0.03279133026830916,0.0018455362752243117,0.0018373950908309108
2025-09-10 13:30:00,0.014185312195141186,0.0035174898939382983,0.0035232333592223612
2025-09-11 13:30:00,0.017410479916919464,0.0008629976599307975,0.000860270235261242
2025-09-12 13:30:00,0.011173214085380856,0.0007707366404841957,0.0007667461391852473
2025-09-15 13:30:00,0.00610724551674835,-0.0004077306139400603,-0.00039823975521538686
2025-09-16 13:30:00,0.003521006301685503,0.0005299254552576925,0.0005267826512858693
2025-09-17 13:30:00,-0.004655414692694038,0.0021189720457042856,0.0021465418581516947
2025-09-18 13:30:00,0.03153064137146089,0.001746028429214935,0.0017780906361999538
2025-09-19 13:30:00,0.04219282822522352,0.002316814852143782,0.002315032822943493
2025-09-22 13:30:00,-0.006464001487229254,-0.00023721956489523984,-0.00024933804614538286
2025-09-23 13:30:00,-0.008367320457997707,0.0005749835058809741,0.0005691063966430322
2025-09-24 13:30:00,0.017911553318245232,-0.0009448892902704214,-0.0009634028621580129
2025-09-25 13:30:00,-0.005504179147396648,-0.00029003211602608085,-0.00032231727385539206
2025-09-26 13:30:00,-0.004040053712850877,0.0007952970008454739,0.000774302214687006
2025-09-29 13:30:00,0.0007857643900077704,0.0011884825617492537,0.0011905466705147863
2025-09-30 13:30:00,0.0032151403683506885,0.001334806794766006,0.0013387358981530179
2025-10-01 13:30:00,0.00655520106838825,0.0012833524333379655,0.001286855164339854
2025-10-02 13:30:00,0.003455166498046225,0.0009042247513556029,0.0009149416116719477
2025-10-03 13:30:00,-0.005167905573688181,0.0015414125483389062,0.0015566955649697412
2025-10-06 13:30:00,-0.0008183880195336002,0.0022700282078688917,0.002303604266632977
2025-10-07 13:30:00,0.006141439361409873,0.0020434281746040594,0.0020747373372706083
2025-10-08 13:30:00,-0.015700494078599192,0.002062090835004776,0.0020888124060960377
2025-10-09 13:30:00,-0.035132065630642195,0.0022304143344693394,0.0022674291781720254
2025-10-10 13:30:00,0.009697219450941041,0.001485405566576543,0.001520986916570736
2025-10-13 13:30:00,0.00044409403739287256,0.0008425465613495325,0.0008587435772979161
2025-10-14 13:30:00,0.006316417107432137,0.0015733928675616313,0.0015891344935106315
2025-10-15 13:30:00,-0.007608875076193122,0.00014520731842093465,0.0001706592275179514
2025-10-16 13:30:00,0.019370749320524183,0.0016134373182573485,0.0016374772288596465
2025-10-17 13:30:00,0.038680819811744094,0.0009156456425280877,0.0009403107262915115
2025-10-20 13:30:00,0.0020189956678766663,0.0006376767038509808,0.0006347500431114722
2025-10-21 13:30:00,-0.016576782761846154,0.0007339270393780887,0.0007450714553148295
2025-10-22 13:30:00,0.0043625040598547216,-0.00011489447144403782,-0.00010014666611545616
2025-10-23 13:30:00,0.012404614504223588,-0.00014702800653557113,-0.000147210519419347
2025-10-24 13:30:00,0.02253543069239239,-0.0003978096456172327,-0.0004102663073187549
2025-10-27 13:30:00,0.0007064546806763161,-0.0001373882023482883,-0.00014328341561765739
2025-10-28 13:30:00,0.002599057421811324,0.0008954396143116358,0.000891585957026345
2025-10-29 13:30:00,0.0062834509281648465,0.0012708427070891402,0.0012701710119857217
2025-10-30 13:30:00,-0.0038023760230787573,0.001951807915200435,0.00194277683649267
2025-10-31 13:30:00,-0.004894204257525736,0.0019879045762328357,0.0019923632841273393
2025-11-03 14:30:00,0.0036729820482328535,0.0023368869171719996,0.0023574179007874404
2025-11-04 14:30:00,0.00037027639315745375,0.0023316498778134364,0.002346890157083382
2025-11-05 14:30:00,-0.00137076480479692,0.0017155472403496048,0.0017300757826697718
2025-11-06 14:30:00,-0.004830497568447001,0.0020726122302664692,0.002089858424008973
2025-11-07 14:30:00,0.004538196928686844,0.0021751350053348826,0.0022043859868206474
2025-11-10 14:30:00,0.021371265994226896,0.0013575518352606892,0.001393883250914965
2025-11-11 14:30:00,-0.006487770006386562,0.0006048234245880043,0.0006232085831740799
2025-11-12 14:30:00,-0.001903286478438737,0.0019167740614337114,0.0019412963688430144
2025-11-13 14:30:00,-0.001980378999716592,0.0014242698901941017,0.001449121759011255
2025-11-14 14:30:00,-0.018338227860662748,0.0014449770084530417,0.0014638473146717026
2025-11-17 14:30:00,-7.494269318808477e-05,0.0014936966968281807,0.001510629480223964
2025-11-18 14:30:00,0.004179277913276103,0.0010799347335714584,0.0011120591514803138
2025-11-19 14:30:00,-0.008638680660609133,0.0006056918111842179,0.0006341752960862708
2025-11-20 14:30:00,0.01948945166198346,0.00028774827252244786,0.00033061709202485243
2025-11-21 14:30:00,0.016185865239936703,0.0001104611961576,0.00012007542546536149
2025-11-24 14:30:00,0.0037981174643082483,0.0012004146409019503,0.0012098775536946594
2025-11-25 14:30:00,0.002091916821788331,8.56620324469128e-05,0.00011436220820907543
2025-11-26 14:30:00,0.0046729316563292045,-0.0005623449839950814,-0.0005337453449265244
2025-11-28 14:30:00,0.015126085396803823,-0.0010845091494202626,-0.0010512905128887509
2025-12-01 14:30:00,0.010855813667109082,0.00025997973245736367,0.0002775209765899355
2025-12-02 14:30:00,-0.0071536301977950245,0.0012340126083662845,0.001244614931015395
2025-12-03 14:30:00,-0.012215705687721012,0.0006596230266526418,0.0006757289731933617
2025-12-04 14:30:00,-0.006863676920741746,0.0007044723098287389,0.0007167800072342269
2025-12-05 14:30:00,-0.0031975495274370047,0.001725364161452559,0.0017264312137841948
2025-12-08 14:30:00,-0.0025583338957932966,0.0014015433513811881,0.0014184443973264344
2025-12-09 14:30:00,0.005755883423230301,0.0013175338664457826,0.0013525554538525377
2025-12-10 14:30:00,-0.0026939973492767777,0.0006036445455927706,0.0006335321587527709
2025-12-11 14:30:00,0.0008989157235728129,0.0006910350687522834,0.0007296905069099379
2025-12-12 14:30:00,-0.015098467426605922,0.0018435399586037553,0.0018757492254577054
2025-12-15 14:30:00,0.0018224768125207902,0.0021815317068109305,0.002221414825639077
2025-12-16 14:30:00,-0.010138143375682418,0.0016388293977187712,0.0016739842950096585
2025-12-17 14:30:00,0.0012866188761622155,0.0030513352609695173,0.003088829614776012
2025-12-18 14:30:00,0.005422873807698458,0.0015647823726702825,0.0016004955347389176
2025-12-19 14:30:00,-0.009915062523911722,0.003875269886792846,0.003890443576290904
2025-12-22 14:30:00,0.005116620611389955,0.0016449060719456925,0.001682936505282031
2025-12-23 14:30:00,0.005309645046856382,0.0004533677747200111,0.00048646191924624357
2025-12-24 14:30:00,-0.0014984650753557816,5.638016471903461e-05,9.691545227495744e-05
2025-12-26 14:30:00,0.0013159464780425623,0.0005069637717530159,0.0005476321936395542
2025-12-29 14:30:00,-0.0024871571416653637,0.0006887623234479624,0.0007250263323967833
2025-12-30 14:30:00,-0.0044775154936740336,0.0009014498465046801,0.0009367775034063232
